{"ntohkyme": {"accuracy": 0.4025157232704403, "ln_predictive_entropy_auroc": 0.659046052631579, "predictive_entropy_auroc": 0.5873355263157894, "entropy_over_concepts_auroc": 0.6332236842105264, "unnormalised_entropy_over_concepts_auroc": 0.628453947368421, "neg_llh_most_likely_gen_auroc": 0.6207236842105263, "number_of_semantic_sets_auroc": 0.5738486842105263, "number_of_semantic_sets_correct": 1.703125, "number_of_semantic_sets_incorrect": 1.9052631578947368, "average_rougeL_among_generations": 0.18776138698697376, "average_rougeL_among_generations_correct": 0.25148832540681576, "average_rougeL_among_generations_incorrect": 0.1448295547883434, "average_rougeL_auroc": 0.6194901315789474, "average_neg_llh_most_likely_gen_auroc": 0.6322368421052631, "rougeL_based_accuracy": 0.4025157232704403, "margin_measure_auroc": 0.6322368421052631, "ln_predictive_entropy_auroc_on_subsets": [0.6193256578947368, 0.6075657894736842, 0.6483552631578948, 0.6573190789473684, 0.659046052631579], "predictive_entropy_auroc_on_subsets": [0.5701480263157895, 0.5589638157894737, 0.5625, 0.5930921052631579, 0.5873355263157894], "semantic_predictive_entropy_auroc_on_subsets": [0.6193256578947368, 0.5868421052631579, 0.6251644736842105, 0.6231907894736842, 0.6332236842105264], "average_number_of_semantic_sets_on_subsets": [1.0, 1.3647798742138364, 1.559748427672956, 1.6981132075471699, 1.8238993710691824], "average_number_of_semantic_sets_on_subsets_correct": [1.0, 1.328125, 1.453125, 1.609375, 1.703125], "average_number_of_semantic_sets_on_subsets_incorrect": [1.0, 1.3894736842105264, 1.631578947368421, 1.7578947368421052, 1.9052631578947368], "model_name": "opt-350m", "run_name": "radiant-deluge-44"}}